INSERT INTO `sys_menu` (`createTime`, `updateTime`, `id`, `parent_id`, `name`, `router`, `perms`, `type`, `icon`, `order_num`, `view_path`, `keepalive`, `isShow`) VALUES
('2020-08-28 00:00:00.000000', '2020-08-28 00:00:00.000000', 1, NULL, '系统', '/sys', NULL, 0, NULL, 0, NULL, 1, 1),
('2020-08-28 00:00:00.000000', '2020-08-28 00:00:00.000000', 2, NULL, '教程', '/docs', NULL, 0, NULL, 0, NULL, 1, 1),
('2020-08-01 00:00:00.000000', '2020-08-01 00:00:00.000000', 3, 1, '权限管理', NULL, NULL, 0, NULL, 0, NULL, 1, 1),
('2020-08-08 00:00:00.000000', '2020-08-01 00:00:00.000000', 4, 3, '用户列表', '/sys/user', NULL, 1, NULL, 0, '/views/system/user.vue', 1, 1),
('2020-08-15 00:00:00.000000', '2020-08-15 00:00:00.000000', 5, 4, '新增', NULL, 'sys:user:add', 2, NULL, 0, NULL, 1, 1),
('2020-08-15 00:00:00.000000', '2020-08-15 00:00:00.000000', 6, 4, '删除', NULL, 'sys:user:delete', 2, NULL, 0, NULL, 1, 1),
('2020-08-08 00:00:00.000000', '2020-08-01 00:00:00.000000', 7, 3, '菜单列表', '/sys/menu', NULL, 1, NULL, 0, '/views/system/menu.vue', 1, 1),
('2020-08-15 00:00:00.000000', '2020-08-15 00:00:00.000000', 8, 7, '新增', NULL, 'sys:menu:add', 2, NULL, 0, NULL, 1, 1),
('2020-08-15 00:00:00.000000', '2020-08-15 00:00:00.000000', 9, 7, '删除', NULL, 'sys:menu:delete', 2, NULL, 0, NULL, 1, 1);

INSERT INTO `sys_role` (`createTime`, `updateTime`, `id`, `userId`, `name`, `label`, `remark`) VALUES
('2020-08-08 00:00:00.000000', '2020-08-01 00:00:00.000000', 2, 'root', 'notpermission', '无权限人员', '无权限人员'),
('2020-08-08 00:00:00.000000', '2020-08-01 00:00:00.000000', 3, 'root', 'personnelmatters', '人事', '人事');

INSERT INTO `sys_role_menu` (`createTime`, `updateTime`, `id`, `role_id`, `menu_id`) VALUES
('2020-08-08 00:00:00.000000', '2020-08-15 00:00:00.000000', 1, 2, 2),
('2020-08-29 00:00:00.000000', '2020-08-29 00:00:00.000000', 2, 3, 1),
('2020-08-29 00:00:00.000000', '2020-08-29 00:00:00.000000', 3, 3, 3),
('2020-08-29 00:00:00.000000', '2020-08-29 00:00:00.000000', 4, 3, 4),
('2020-08-29 00:00:00.000000', '2020-08-29 00:00:00.000000', 5, 3, 5),
('2020-08-29 00:00:00.000000', '2020-08-29 00:00:00.000000', 6, 3, 6);